name;group;type;full_name;obj_value_hx;gap_hx;n_vehicles_used_hx;time_hx;status;optimal;tle_feas;tle_not_feas
lr101;06R_06V_02F_03M;t1;lr101_t1_06R_06V_02F_03M;779.06;0;1;4;HxSolutionStatus.OPTIMAL;1;0;0
lr101;06R_06V_02F_04M;t1;lr101_t1_06R_06V_02F_04M;766.07;0;1;9;HxSolutionStatus.OPTIMAL;1;0;0
lr102;06R_06V_02F_03M;t1;lr102_t1_06R_06V_02F_03M;580.21;0;0.67;10;HxSolutionStatus.OPTIMAL;1;0;0
lr102;06R_06V_02F_04M;t1;lr102_t1_06R_06V_02F_04M;579.78;0;0.67;10;HxSolutionStatus.OPTIMAL;1;0;0
lr103;06R_06V_02F_03M;t1;lr103_t1_06R_06V_02F_03M;606.25;0;0.67;59;HxSolutionStatus.OPTIMAL;1;0;0
lr103;06R_06V_02F_04M;t1;lr103_t1_06R_06V_02F_04M;598.51;0;0.67;89;HxSolutionStatus.OPTIMAL;1;0;0
lr104;06R_06V_02F_03M;t1;lr104_t1_06R_06V_02F_03M;431.33;0;0.5;249;HxSolutionStatus.OPTIMAL;1;0;0
lr104;06R_06V_02F_04M;t1;lr104_t1_06R_06V_02F_04M;431.33;0;0.5;131;HxSolutionStatus.OPTIMAL;1;0;0
lr105;06R_06V_02F_03M;t1;lr105_t1_06R_06V_02F_03M;659.67;0;1;1;HxSolutionStatus.OPTIMAL;1;0;0
lr105;06R_06V_02F_04M;t1;lr105_t1_06R_06V_02F_04M;654.46;0;1;1;HxSolutionStatus.OPTIMAL;1;0;0
lr101;06R_06V_04F_03M;t1;lr101_t1_06R_06V_04F_03M;748.24;0;0.83;6;HxSolutionStatus.OPTIMAL;1;0;0
lr101;06R_06V_04F_04M;t1;lr101_t1_06R_06V_04F_04M;735.27;0;0.83;12;HxSolutionStatus.OPTIMAL;1;0;0
lr102;06R_06V_04F_03M;t1;lr102_t1_06R_06V_04F_03M;687.85;0;0.67;22;HxSolutionStatus.OPTIMAL;1;0;0
lr102;06R_06V_04F_04M;t1;lr102_t1_06R_06V_04F_04M;684.42;0;0.67;37;HxSolutionStatus.OPTIMAL;1;0;0
lr103;06R_06V_04F_03M;t1;lr103_t1_06R_06V_04F_03M;932.24;0;1;10;HxSolutionStatus.OPTIMAL;1;0;0
lr103;06R_06V_04F_04M;t1;lr103_t1_06R_06V_04F_04M;919.17;0;1;7;HxSolutionStatus.OPTIMAL;1;0;0
lr104;06R_06V_04F_03M;t1;lr104_t1_06R_06V_04F_03M;659.55;0;0.67;29;HxSolutionStatus.OPTIMAL;1;0;0
lr104;06R_06V_04F_04M;t1;lr104_t1_06R_06V_04F_04M;656.61;0;0.67;87;HxSolutionStatus.OPTIMAL;1;0;0
lr105;06R_06V_04F_03M;t1;lr105_t1_06R_06V_04F_03M;864.42;0;1;1;HxSolutionStatus.OPTIMAL;1;0;0
lr105;06R_06V_04F_04M;t1;lr105_t1_06R_06V_04F_04M;856.89;0;1;2;HxSolutionStatus.OPTIMAL;1;0;0
lr101;08R_08V_02F_03M;t1;lr101_t1_08R_08V_02F_03M;1016.87;0;1;4;HxSolutionStatus.OPTIMAL;1;0;0
lr101;08R_08V_02F_04M;t1;lr101_t1_08R_08V_02F_04M;1004.95;0;1;21;HxSolutionStatus.OPTIMAL;1;0;0
lr102;08R_08V_02F_03M;t1;lr102_t1_08R_08V_02F_03M;858.55;0;0.75;138;HxSolutionStatus.OPTIMAL;1;0;0
lr102;08R_08V_02F_04M;t1;lr102_t1_08R_08V_02F_04M;853.49;0;0.75;166;HxSolutionStatus.OPTIMAL;1;0;0
lr103;08R_08V_02F_03M;t1;lr103_t1_08R_08V_02F_03M;769.27;84.98;0.5;3600;HxSolutionStatus.FEASIBLE;0;1;0
lr103;08R_08V_02F_04M;t1;lr103_t1_08R_08V_02F_04M;763.46;93.22;0.5;3600;HxSolutionStatus.FEASIBLE;0;1;0
lr104;08R_08V_02F_03M;t1;lr104_t1_08R_08V_02F_03M;765.44;72.18;0.5;3600;HxSolutionStatus.FEASIBLE;0;1;0
lr104;08R_08V_02F_04M;t1;lr104_t1_08R_08V_02F_04M;762.11;80.26;0.5;3600;HxSolutionStatus.FEASIBLE;0;1;0
lr105;08R_08V_02F_03M;t1;lr105_t1_08R_08V_02F_03M;869.19;0;0.75;70;HxSolutionStatus.OPTIMAL;1;0;0
lr105;08R_08V_02F_04M;t1;lr105_t1_08R_08V_02F_04M;858.77;0;0.75;76;HxSolutionStatus.OPTIMAL;1;0;0
lr101;08R_08V_04F_03M;t1;lr101_t1_08R_08V_04F_03M;1152.25;0;1;248;HxSolutionStatus.OPTIMAL;1;0;0
lr101;08R_08V_04F_04M;t1;lr101_t1_08R_08V_04F_04M;1132.73;0;1;160;HxSolutionStatus.OPTIMAL;1;0;0
lr102;08R_08V_04F_03M;t1;lr102_t1_08R_08V_04F_03M;1030.42;0;0.62;209;HxSolutionStatus.OPTIMAL;1;0;0
lr102;08R_08V_04F_04M;t1;lr102_t1_08R_08V_04F_04M;1003.13;0;0.62;331;HxSolutionStatus.OPTIMAL;1;0;0
lr103;08R_08V_04F_03M;t1;lr103_t1_08R_08V_04F_03M;1079.92;34.64;0.88;3600;HxSolutionStatus.FEASIBLE;0;1;0
lr103;08R_08V_04F_04M;t1;lr103_t1_08R_08V_04F_04M;1065.5;39.7;0.88;3600;HxSolutionStatus.FEASIBLE;0;1;0
lr104;08R_08V_04F_03M;t1;lr104_t1_08R_08V_04F_03M;1093.42;47.27;0.88;3600;HxSolutionStatus.FEASIBLE;0;1;0
lr104;08R_08V_04F_04M;t1;lr104_t1_08R_08V_04F_04M;1086;46.23;0.88;3600;HxSolutionStatus.FEASIBLE;0;1;0
lr105;08R_08V_04F_03M;t1;lr105_t1_08R_08V_04F_03M;1068.12;0;0.75;483;HxSolutionStatus.OPTIMAL;1;0;0
lr105;08R_08V_04F_04M;t1;lr105_t1_08R_08V_04F_04M;1052.99;0;0.75;496;HxSolutionStatus.OPTIMAL;1;0;0
lr101;10R_10V_02F_03M;t1;lr101_t1_10R_10V_02F_03M;1189.92;0;0.9;172;HxSolutionStatus.OPTIMAL;1;0;0
lr101;10R_10V_02F_04M;t1;lr101_t1_10R_10V_02F_04M;1186.08;0;0.9;239;HxSolutionStatus.OPTIMAL;1;0;0
lr102;10R_10V_02F_03M;t1;lr102_t1_10R_10V_02F_03M;1023.7;31.84;0.7;3600;HxSolutionStatus.FEASIBLE;0;1;0
lr102;10R_10V_02F_04M;t1;lr102_t1_10R_10V_02F_04M;1019.87;40.13;0.7;3600;HxSolutionStatus.FEASIBLE;0;1;0
lr103;10R_10V_02F_03M;t1;lr103_t1_10R_10V_02F_03M;1034.38;83.14;0.6;3600;HxSolutionStatus.FEASIBLE;0;1;0
lr103;10R_10V_02F_04M;t1;lr103_t1_10R_10V_02F_04M;1022.42;83.68;0.6;3600;HxSolutionStatus.FEASIBLE;0;1;0
lr104;10R_10V_02F_03M;t1;lr104_t1_10R_10V_02F_03M;884.26;81.38;0.6;3600;HxSolutionStatus.FEASIBLE;0;1;0
lr104;10R_10V_02F_04M;t1;lr104_t1_10R_10V_02F_04M;879.98;81.29;0.6;3600;HxSolutionStatus.FEASIBLE;0;1;0
lr105;10R_10V_02F_03M;t1;lr105_t1_10R_10V_02F_03M;1195.87;0;0.8;432;HxSolutionStatus.OPTIMAL;1;0;0
lr105;10R_10V_02F_04M;t1;lr105_t1_10R_10V_02F_04M;1188.48;0;0.8;744;HxSolutionStatus.OPTIMAL;1;0;0
lr101;10R_10V_04F_03M;t1;lr101_t1_10R_10V_04F_03M;1339.56;9.73;1;3600;HxSolutionStatus.FEASIBLE;0;1;0
lr101;10R_10V_04F_04M;t1;lr101_t1_10R_10V_04F_04M;1327.43;5.68;1;3600;HxSolutionStatus.FEASIBLE;0;1;0
lr102;10R_10V_04F_03M;t1;lr102_t1_10R_10V_04F_03M;1154.93;8.8;0.6;3600;HxSolutionStatus.FEASIBLE;0;1;0
lr102;10R_10V_04F_04M;t1;lr102_t1_10R_10V_04F_04M;1144.91;16.37;0.6;3600;HxSolutionStatus.FEASIBLE;0;1;0
lr103;10R_10V_04F_03M;t1;lr103_t1_10R_10V_04F_03M;1463.77;56.54;0.8;3600;HxSolutionStatus.FEASIBLE;0;1;0
lr103;10R_10V_04F_04M;t1;lr103_t1_10R_10V_04F_04M;1444.06;62.22;0.8;3600;HxSolutionStatus.FEASIBLE;0;1;0
lr104;10R_10V_04F_03M;t1;lr104_t1_10R_10V_04F_03M;1223.81;48.39;0.7;3600;HxSolutionStatus.FEASIBLE;0;1;0
lr104;10R_10V_04F_04M;t1;lr104_t1_10R_10V_04F_04M;1217.41;49.77;0.7;3600;HxSolutionStatus.FEASIBLE;0;1;0
lr105;10R_10V_04F_03M;t1;lr105_t1_10R_10V_04F_03M;1533.75;10.21;1;3600;HxSolutionStatus.FEASIBLE;0;1;0
lr105;10R_10V_04F_04M;t1;lr105_t1_10R_10V_04F_04M;1503.3;8.93;1;3600;HxSolutionStatus.FEASIBLE;0;1;0
lr101;12R_12V_02F_03M;t1;lr101_t1_12R_12V_02F_03M;1438.94;1.1;0.92;3600;HxSolutionStatus.FEASIBLE;0;1;0
lr101;12R_12V_02F_04M;t1;lr101_t1_12R_12V_02F_04M;1429.51;0;0.92;2541;HxSolutionStatus.OPTIMAL;1;0;0
lr102;12R_12V_02F_03M;t1;lr102_t1_12R_12V_02F_03M;1404.9;25.42;0.67;3600;HxSolutionStatus.FEASIBLE;0;1;0
lr102;12R_12V_02F_04M;t1;lr102_t1_12R_12V_02F_04M;1397.72;22.73;0.67;3600;HxSolutionStatus.FEASIBLE;0;1;0
lr103;12R_12V_02F_03M;t1;lr103_t1_12R_12V_02F_03M;1138.61;100;0.58;3600;HxSolutionStatus.FEASIBLE;0;1;0
lr103;12R_12V_02F_04M;t1;lr103_t1_12R_12V_02F_04M;1185.83;100;0.58;3600;HxSolutionStatus.FEASIBLE;0;1;0
lr104;12R_12V_02F_03M;t1;lr104_t1_12R_12V_02F_03M;1264.07;100;0.58;3600;HxSolutionStatus.FEASIBLE;0;1;0
lr104;12R_12V_02F_04M;t1;lr104_t1_12R_12V_02F_04M;1256.34;100;0.58;3600;HxSolutionStatus.FEASIBLE;0;1;0
lr105;12R_12V_02F_03M;t1;lr105_t1_12R_12V_02F_03M;1307.38;0;0.67;2243;HxSolutionStatus.OPTIMAL;1;0;0
lr105;12R_12V_02F_04M;t1;lr105_t1_12R_12V_02F_04M;1293.82;17.23;0.67;3600;HxSolutionStatus.FEASIBLE;0;1;0
lr101;12R_12V_04F_03M;t1;lr101_t1_12R_12V_04F_03M;1652.01;13.08;0.92;3600;HxSolutionStatus.FEASIBLE;0;1;0
lr101;12R_12V_04F_04M;t1;lr101_t1_12R_12V_04F_04M;1614.72;9.33;0.92;3600;HxSolutionStatus.FEASIBLE;0;1;0
lr102;12R_12V_04F_03M;t1;lr102_t1_12R_12V_04F_03M;1633.94;10.1;0.83;3600;HxSolutionStatus.FEASIBLE;0;1;0
lr102;12R_12V_04F_04M;t1;lr102_t1_12R_12V_04F_04M;1594.27;17.56;0.83;3600;HxSolutionStatus.FEASIBLE;0;1;0
lr103;12R_12V_04F_03M;t1;lr103_t1_12R_12V_04F_03M;1462.1;89.44;0.67;3600;HxSolutionStatus.FEASIBLE;0;1;0
lr103;12R_12V_04F_04M;t1;lr103_t1_12R_12V_04F_04M;1463.67;89.56;0.67;3600;HxSolutionStatus.FEASIBLE;0;1;0
lr104;12R_12V_04F_03M;t1;lr104_t1_12R_12V_04F_03M;1514.52;93.07;0.75;3600;HxSolutionStatus.FEASIBLE;0;1;0
lr104;12R_12V_04F_04M;t1;lr104_t1_12R_12V_04F_04M;1557.4;93.91;0.75;3600;HxSolutionStatus.FEASIBLE;0;1;0
lr105;12R_12V_04F_03M;t1;lr105_t1_12R_12V_04F_03M;1707.45;8.81;0.92;3600;HxSolutionStatus.FEASIBLE;0;1;0
lr105;12R_12V_04F_04M;t1;lr105_t1_12R_12V_04F_04M;1687.26;12.91;0.92;3600;HxSolutionStatus.FEASIBLE;0;1;0
lr201;06R_06V_02F_03M;t2;lr201_t2_06R_06V_02F_03M;677.33;0;0.5;14;HxSolutionStatus.OPTIMAL;1;0;0
lr201;06R_06V_02F_04M;t2;lr201_t2_06R_06V_02F_04M;677.32;0;0.5;13;HxSolutionStatus.OPTIMAL;1;0;0
lr202;06R_06V_02F_03M;t2;lr202_t2_06R_06V_02F_03M;545.89;100;0.17;3600;HxSolutionStatus.FEASIBLE;0;1;0
lr202;06R_06V_02F_04M;t2;lr202_t2_06R_06V_02F_04M;545.89;100;0.17;3600;HxSolutionStatus.FEASIBLE;0;1;0
lr203;06R_06V_02F_03M;t2;lr203_t2_06R_06V_02F_03M;686.32;0;0.17;1488;HxSolutionStatus.OPTIMAL;1;0;0
lr203;06R_06V_02F_04M;t2;lr203_t2_06R_06V_02F_04M;686.32;0;0.17;1760;HxSolutionStatus.OPTIMAL;1;0;0
lr204;06R_06V_02F_03M;t2;lr204_t2_06R_06V_02F_03M;561.74;100;0.33;3600;HxSolutionStatus.FEASIBLE;0;1;0
lr204;06R_06V_02F_04M;t2;lr204_t2_06R_06V_02F_04M;557.61;100;0.33;3600;HxSolutionStatus.FEASIBLE;0;1;0
lr205;06R_06V_02F_03M;t2;lr205_t2_06R_06V_02F_03M;540.49;0;0.17;1387;HxSolutionStatus.OPTIMAL;1;0;0
lr205;06R_06V_02F_04M;t2;lr205_t2_06R_06V_02F_04M;540.45;0;0.17;1371;HxSolutionStatus.OPTIMAL;1;0;0
lr201;06R_06V_04F_03M;t2;lr201_t2_06R_06V_04F_03M;819.12;0;0.67;181;HxSolutionStatus.OPTIMAL;1;0;0
lr201;06R_06V_04F_04M;t2;lr201_t2_06R_06V_04F_04M;818.5;0;0.67;190;HxSolutionStatus.OPTIMAL;1;0;0
lr202;06R_06V_04F_03M;t2;lr202_t2_06R_06V_04F_03M;604.04;100;0.33;3600;HxSolutionStatus.FEASIBLE;0;1;0
lr202;06R_06V_04F_04M;t2;lr202_t2_06R_06V_04F_04M;604.04;100;0.33;3600;HxSolutionStatus.FEASIBLE;0;1;0
lr203;06R_06V_04F_03M;t2;lr203_t2_06R_06V_04F_03M;797.55;86.54;0.33;3600;HxSolutionStatus.FEASIBLE;0;1;0
lr203;06R_06V_04F_04M;t2;lr203_t2_06R_06V_04F_04M;725.28;100;0.17;3600;HxSolutionStatus.FEASIBLE;0;1;0
lr204;06R_06V_04F_03M;t2;lr204_t2_06R_06V_04F_03M;749.12;100;0.33;3600;HxSolutionStatus.FEASIBLE;0;1;0
lr204;06R_06V_04F_04M;t2;lr204_t2_06R_06V_04F_04M;750.95;100;0.33;3600;HxSolutionStatus.FEASIBLE;0;1;0
lr205;06R_06V_04F_03M;t2;lr205_t2_06R_06V_04F_03M;604.07;82.21;0.17;3600;HxSolutionStatus.FEASIBLE;0;1;0
lr205;06R_06V_04F_04M;t2;lr205_t2_06R_06V_04F_04M;599.81;42.72;0.17;3600;HxSolutionStatus.FEASIBLE;0;1;0
lr201;08R_08V_02F_03M;t2;lr201_t2_08R_08V_02F_03M;930.52;0;0.25;3028;HxSolutionStatus.OPTIMAL;1;0;0
lr201;08R_08V_02F_04M;t2;lr201_t2_08R_08V_02F_04M;929.83;52.71;0.25;3600;HxSolutionStatus.FEASIBLE;0;1;0
lr202;08R_08V_02F_03M;t2;lr202_t2_08R_08V_02F_03M;722.55;100;0.25;3600;HxSolutionStatus.FEASIBLE;0;1;0
lr202;08R_08V_02F_04M;t2;lr202_t2_08R_08V_02F_04M;741.81;100;0.38;3600;HxSolutionStatus.FEASIBLE;0;1;0
lr203;08R_08V_02F_03M;t2;lr203_t2_08R_08V_02F_03M;794.04;100;0.12;3600;HxSolutionStatus.FEASIBLE;0;1;0
lr203;08R_08V_02F_04M;t2;lr203_t2_08R_08V_02F_04M;825.08;100;0.38;3600;HxSolutionStatus.FEASIBLE;0;1;0
lr204;08R_08V_02F_03M;t2;lr204_t2_08R_08V_02F_03M;743.97;100;0.25;3600;HxSolutionStatus.FEASIBLE;0;1;0
lr204;08R_08V_02F_04M;t2;lr204_t2_08R_08V_02F_04M;762.61;100;0.25;3600;HxSolutionStatus.FEASIBLE;0;1;0
lr205;08R_08V_02F_03M;t2;lr205_t2_08R_08V_02F_03M;747.83;100;0.12;3600;HxSolutionStatus.FEASIBLE;0;1;0
lr205;08R_08V_02F_04M;t2;lr205_t2_08R_08V_02F_04M;777.95;100;0.25;3600;HxSolutionStatus.FEASIBLE;0;1;0
lr201;08R_08V_04F_03M;t2;lr201_t2_08R_08V_04F_03M;1142.97;81.98;0.25;3600;HxSolutionStatus.FEASIBLE;0;1;0
lr201;08R_08V_04F_04M;t2;lr201_t2_08R_08V_04F_04M;1137.66;90.51;0.25;3600;HxSolutionStatus.FEASIBLE;0;1;0
lr202;08R_08V_04F_03M;t2;lr202_t2_08R_08V_04F_03M;928.79;100;0.38;3600;HxSolutionStatus.FEASIBLE;0;1;0
lr202;08R_08V_04F_04M;t2;lr202_t2_08R_08V_04F_04M;918.37;100;0.5;3600;HxSolutionStatus.FEASIBLE;0;1;0
lr203;08R_08V_04F_03M;t2;lr203_t2_08R_08V_04F_03M;1245.91;100;0.25;3600;HxSolutionStatus.FEASIBLE;0;1;0
lr203;08R_08V_04F_04M;t2;lr203_t2_08R_08V_04F_04M;1295.38;100;0.38;3600;HxSolutionStatus.FEASIBLE;0;1;0
lr204;08R_08V_04F_03M;t2;lr204_t2_08R_08V_04F_03M;1046.28;100;0.25;3600;HxSolutionStatus.FEASIBLE;0;1;0
lr204;08R_08V_04F_04M;t2;lr204_t2_08R_08V_04F_04M;1081.34;100;0.38;3601;HxSolutionStatus.FEASIBLE;0;1;0
lr205;08R_08V_04F_03M;t2;lr205_t2_08R_08V_04F_03M;984.03;100;0.25;3600;HxSolutionStatus.FEASIBLE;0;1;0
lr205;08R_08V_04F_04M;t2;lr205_t2_08R_08V_04F_04M;956.15;100;0.25;3600;HxSolutionStatus.FEASIBLE;0;1;0
lr201;10R_10V_02F_03M;t2;lr201_t2_10R_10V_02F_03M;1047.71;100;0.3;3600;HxSolutionStatus.FEASIBLE;0;1;0
lr201;10R_10V_02F_04M;t2;lr201_t2_10R_10V_02F_04M;1017;100;0.3;3600;HxSolutionStatus.FEASIBLE;0;1;0
lr202;10R_10V_02F_03M;t2;lr202_t2_10R_10V_02F_03M;967.59;100;0.4;3600;HxSolutionStatus.FEASIBLE;0;1;0
lr202;10R_10V_02F_04M;t2;lr202_t2_10R_10V_02F_04M;1079.6;100;0.3;3600;HxSolutionStatus.FEASIBLE;0;1;0
lr203;10R_10V_02F_03M;t2;lr203_t2_10R_10V_02F_03M;1253.82;100;0.2;3600;HxSolutionStatus.FEASIBLE;0;1;0
lr203;10R_10V_02F_04M;t2;lr203_t2_10R_10V_02F_04M;1196.54;100;0.2;3600;HxSolutionStatus.FEASIBLE;0;1;0
lr204;10R_10V_02F_03M;t2;lr204_t2_10R_10V_02F_03M;933.05;100;0.3;3600;HxSolutionStatus.FEASIBLE;0;1;0
lr204;10R_10V_02F_04M;t2;lr204_t2_10R_10V_02F_04M;963.27;100;0.2;3600;HxSolutionStatus.FEASIBLE;0;1;0
lr205;10R_10V_02F_03M;t2;lr205_t2_10R_10V_02F_03M;1066.2;100;0.2;3600;HxSolutionStatus.FEASIBLE;0;1;0
lr205;10R_10V_02F_04M;t2;lr205_t2_10R_10V_02F_04M;1025.1;100;0.2;3600;HxSolutionStatus.FEASIBLE;0;1;0
lr201;10R_10V_04F_03M;t2;lr201_t2_10R_10V_04F_03M;1346.46;100;0.5;3600;HxSolutionStatus.FEASIBLE;0;1;0
lr201;10R_10V_04F_04M;t2;lr201_t2_10R_10V_04F_04M;1400.49;100;0.5;3600;HxSolutionStatus.FEASIBLE;0;1;0
lr202;10R_10V_04F_03M;t2;lr202_t2_10R_10V_04F_03M;NA;Inf;0;3601;HxSolutionStatus.INFEASIBLE;0;0;1
lr202;10R_10V_04F_04M;t2;lr202_t2_10R_10V_04F_04M;NA;Inf;0;3601;HxSolutionStatus.INFEASIBLE;0;0;1
lr203;10R_10V_04F_03M;t2;lr203_t2_10R_10V_04F_03M;NA;Inf;0;3609;HxSolutionStatus.INFEASIBLE;0;0;1
lr203;10R_10V_04F_04M;t2;lr203_t2_10R_10V_04F_04M;1645.92;100;0.5;3602;HxSolutionStatus.FEASIBLE;0;1;0
lr204;10R_10V_04F_03M;t2;lr204_t2_10R_10V_04F_03M;NA;Inf;0;3601;HxSolutionStatus.INFEASIBLE;0;0;1
lr204;10R_10V_04F_04M;t2;lr204_t2_10R_10V_04F_04M;NA;Inf;0;3611;HxSolutionStatus.INFEASIBLE;0;0;1
lr205;10R_10V_04F_03M;t2;lr205_t2_10R_10V_04F_03M;1157.47;100;0.2;3600;HxSolutionStatus.FEASIBLE;0;1;0
lr205;10R_10V_04F_04M;t2;lr205_t2_10R_10V_04F_04M;1149.38;100;0.2;3600;HxSolutionStatus.FEASIBLE;0;1;0
lr201;12R_12V_02F_03M;t2;lr201_t2_12R_12V_02F_03M;1646.17;100;0.33;3600;HxSolutionStatus.FEASIBLE;0;1;0
lr201;12R_12V_02F_04M;t2;lr201_t2_12R_12V_02F_04M;1661.55;100;0.33;3600;HxSolutionStatus.FEASIBLE;0;1;0
lr202;12R_12V_02F_03M;t2;lr202_t2_12R_12V_02F_03M;1272.71;100;0.25;3602;HxSolutionStatus.FEASIBLE;0;1;0
lr202;12R_12V_02F_04M;t2;lr202_t2_12R_12V_02F_04M;NA;Inf;0;3600;HxSolutionStatus.INFEASIBLE;0;0;1
lr203;12R_12V_02F_03M;t2;lr203_t2_12R_12V_02F_03M;NA;Inf;0;3600;HxSolutionStatus.INFEASIBLE;0;0;1
lr203;12R_12V_02F_04M;t2;lr203_t2_12R_12V_02F_04M;2460.24;100;0.5;3682;HxSolutionStatus.FEASIBLE;0;1;0
lr204;12R_12V_02F_03M;t2;lr204_t2_12R_12V_02F_03M;NA;Inf;0;3600;HxSolutionStatus.INFEASIBLE;0;0;1
lr204;12R_12V_02F_04M;t2;lr204_t2_12R_12V_02F_04M;NA;Inf;0;3609;HxSolutionStatus.INFEASIBLE;0;0;1
lr205;12R_12V_02F_03M;t2;lr205_t2_12R_12V_02F_03M;1492.85;100;0.33;3600;HxSolutionStatus.FEASIBLE;0;1;0
lr205;12R_12V_02F_04M;t2;lr205_t2_12R_12V_02F_04M;1341.12;100;0.25;3600;HxSolutionStatus.FEASIBLE;0;1;0
lr201;12R_12V_04F_03M;t2;lr201_t2_12R_12V_04F_03M;1837.27;100;0.42;3600;HxSolutionStatus.FEASIBLE;0;1;0
lr201;12R_12V_04F_04M;t2;lr201_t2_12R_12V_04F_04M;1990.99;100;0.42;3601;HxSolutionStatus.FEASIBLE;0;1;0
lr202;12R_12V_04F_03M;t2;lr202_t2_12R_12V_04F_03M;NA;Inf;0;3602;HxSolutionStatus.INFEASIBLE;0;0;1
lr202;12R_12V_04F_04M;t2;lr202_t2_12R_12V_04F_04M;NA;Inf;0;3603;HxSolutionStatus.INFEASIBLE;0;0;1
lr203;12R_12V_04F_03M;t2;lr203_t2_12R_12V_04F_03M;NA;Inf;0;3615;HxSolutionStatus.INFEASIBLE;0;0;1
lr203;12R_12V_04F_04M;t2;lr203_t2_12R_12V_04F_04M;NA;Inf;0;3604;HxSolutionStatus.INFEASIBLE;0;0;1
lr204;12R_12V_04F_04M;t2;lr204_t2_12R_12V_04F_04M;NA;Inf;0;3600;HxSolutionStatus.INFEASIBLE;0;0;1
lr205;12R_12V_04F_03M;t2;lr205_t2_12R_12V_04F_03M;NA;Inf;0;3602;HxSolutionStatus.INFEASIBLE;0;0;1
lr205;12R_12V_04F_04M;t2;lr205_t2_12R_12V_04F_04M;NA;Inf;0;3602;HxSolutionStatus.INFEASIBLE;0;0;1
lr204;12R_12V_04F_03M;t2;lr204_t2_12R_12V_04F_03M;NA;Inf;0;11;KILLED;0;0;0
