full_name;type;alpha;feasible;minrpd;meanrpd;maxrpd
LR2_2_6_t2_40R_40V_04F_05M;t2;0.05;0;0;1.21838573895524;2.48352794852291
LR2_2_6_t2_40R_40V_04F_05M;t2;0.1;0;1.03740517648993;2.24747779742203;3.21796044651851
LR2_2_6_t2_40R_40V_04F_05M;t2;0.15;0;1.298234072734;2.99870998910429;4.49255288530723
LR2_2_6_t2_40R_40V_04F_05M;t2;0.2;0;1.85072877906379;3.26820534300927;4.26590156857102
LR2_2_6_t2_40R_40V_04F_06M;t2;0.05;0;0;1.86092179513232;2.99800957695694
LR2_2_6_t2_40R_40V_04F_06M;t2;0.1;0;0.498517603780755;2.81845466055992;4.19812525075683
LR2_2_6_t2_40R_40V_04F_06M;t2;0.15;0;1.37232374074479;3.9187365503155;4.67931783721257
LR2_2_6_t2_40R_40V_04F_06M;t2;0.2;0;2.44790771106561;4.01554171291013;5.55820424241476
LR2_2_6_t2_60R_60V_02F_05M;t2;0.05;0;3.25893073855533;6.61104460747303;9.64458826214804
LR2_2_6_t2_60R_60V_02F_05M;t2;0.1;0;0;9.78460051167061;12.6200034910106
LR2_2_6_t2_60R_60V_02F_05M;t2;0.15;0;6.77751830456691;11.1610399080356;13.8882318857345
LR2_2_6_t2_60R_60V_02F_05M;t2;0.2;0;5.71410275345718;10.8665762584422;14.4557793268133
LR2_2_6_t2_60R_60V_02F_06M;t2;0.05;0;0;3.3500577406289;5.42004160558352
LR2_2_6_t2_60R_60V_02F_06M;t2;0.1;0;4.53478632936306;7.2898579570426;9.37267307286231
LR2_2_6_t2_60R_60V_02F_06M;t2;0.15;0;3.89504238859292;8.76736639081162;11.5055906871388
LR2_2_6_t2_60R_60V_02F_06M;t2;0.2;0;5.48278339130971;8.95990587721807;12.3336610185588
LR2_2_6_t2_60R_60V_04F_06M;t2;0.05;0;0;3.79777604766689;6.4233873583837
LR2_2_6_t2_60R_60V_04F_06M;t2;0.1;0;3.56274252969099;5.84107499504639;7.69475583517888
LR2_2_6_t2_60R_60V_04F_06M;t2;0.15;0;5.74890713688276;7.29502131368021;8.32110273527024
LR2_2_6_t2_60R_60V_04F_06M;t2;0.2;0;5.83482818420771;7.24867216912068;9.73108465678049
LR2_2_7_t2_40R_40V_02F_06M;t2;0.05;0;0;5.91376980782275;8.64733619408238
LR2_2_7_t2_40R_40V_02F_06M;t2;0.1;0;4.30319064326629;7.7229711322752;10.5113329908235
LR2_2_7_t2_40R_40V_02F_06M;t2;0.15;0;3.84921280645332;9.10983411434098;11.8343227722084
LR2_2_7_t2_40R_40V_02F_06M;t2;0.2;0;6.05602411951519;9.85361363067083;12.018254187365
LR2_2_7_t2_60R_60V_04F_05M;t2;0.05;0;0;0.983410471507087;2.59820653746022
LR2_2_7_t2_60R_60V_04F_05M;t2;0.1;0;1.39089769549706;2.99607559541028;3.90338443737344
LR2_2_7_t2_60R_60V_04F_05M;t2;0.15;0;2.86606884582007;3.69365056407289;3.90338443737344
LR2_2_7_t2_60R_60V_04F_05M;t2;0.2;0;2.70668209430141;3.78415774756532;3.90338443737344
LR2_2_9_t2_40R_40V_02F_05M;t2;0.05;0;0;3.21011184587549;5.883724074873
LR2_2_9_t2_40R_40V_02F_05M;t2;0.1;0;1.40087441968282;4.32208650187054;7.40384924953156
LR2_2_9_t2_40R_40V_02F_05M;t2;0.15;0;3.26935088182457;5.62315602403045;8.33003869854414
LR2_2_9_t2_40R_40V_02F_05M;t2;0.2;0;1.99622673097107;5.62748948829064;8.12064158451543
lr207_t2_12R_12V_02F_03M;t2;0.05;0;1.31590380289442;5.1961304897711;6.48780158140164
lr207_t2_12R_12V_02F_03M;t2;0.1;0;3.63490668957994;5.75531719750143;7.80660172428775
lr207_t2_12R_12V_02F_03M;t2;0.15;0;3.20045569082537;6.76377451027718;9.1756050936966
lr207_t2_12R_12V_02F_03M;t2;0.2;0;0;6.46014153448093;9.39476148640168
lr208_t2_08R_08V_02F_04M;t2;0.05;0;0.0399710978215738;0.779974479991387;1.89708979660859
lr208_t2_08R_08V_02F_04M;t2;0.1;0;0.0399710978215738;0.555213922240838;1.67724875858994
lr208_t2_08R_08V_02F_04M;t2;0.15;0;0;0.379110489338475;1.56963426445492
lr208_t2_08R_08V_02F_04M;t2;0.2;0;0;0.75583808630682;2.00162959091118
lr209_t2_08R_08V_04F_03M;t2;0.05;0;0;0;0
lr209_t2_08R_08V_04F_03M;t2;0.1;0;0;0;0
lr209_t2_08R_08V_04F_03M;t2;0.15;0;0;0;0
lr209_t2_08R_08V_04F_03M;t2;0.2;0;0;0;0
lr209_t2_08R_08V_04F_04M;t2;0.05;0;0;0;0
lr209_t2_08R_08V_04F_04M;t2;0.1;0;0;0;0
lr209_t2_08R_08V_04F_04M;t2;0.15;0;0;0;0
lr209_t2_08R_08V_04F_04M;t2;0.2;0;0;0;0
lr209_t2_12R_12V_02F_04M;t2;0.05;0;0;5.18075839235393;7.17676177822542
lr209_t2_12R_12V_02F_04M;t2;0.1;0;4.29019918781944;5.73792711804477;7.98465643047713
lr209_t2_12R_12V_02F_04M;t2;0.15;0;3.6826709811527;6.19882351680614;8.29538514288164
lr209_t2_12R_12V_02F_04M;t2;0.2;0;3.97518456214039;6.28400604313772;8.18287991942483
lr209_t2_12R_12V_04F_03M;t2;0.05;0;0;2.57437393672816;5.69869630752685
lr209_t2_12R_12V_04F_03M;t2;0.1;0;0;4.60611563108764;6.09447583453065
lr209_t2_12R_12V_04F_03M;t2;0.15;0;4.28482022442197;5.84453533368004;6.9468562412404
lr209_t2_12R_12V_04F_03M;t2;0.2;0;5.14601531992912;6.18866078433101;7.70051213341912
lr210_t2_08R_08V_02F_03M;t2;0.05;0;0;0;0
lr210_t2_08R_08V_02F_03M;t2;0.1;0;0;0.472505552647585;1.82636128283842
lr210_t2_08R_08V_02F_03M;t2;0.15;0;0;0.740588792847338;1.82636128283842
lr210_t2_08R_08V_02F_03M;t2;0.2;0;0;0.581648676560044;1.82636128283842
lr210_t2_12R_12V_04F_04M;t2;0.05;0;0.277854959711017;0.624985919512168;1.05584884690191
lr210_t2_12R_12V_04F_04M;t2;0.1;0;0;0.435068299752926;0.858346537701902
lr210_t2_12R_12V_04F_04M;t2;0.15;0;0.0968737562235729;0.446820813589353;1.01454608262055
lr210_t2_12R_12V_04F_04M;t2;0.2;0;0.202759024653982;0.672296358598099;1.38476904245172
