name;group;type;full_name;obj_value_grb;gap_grb;n_vehicles_used_grb;time_grb;status;optimal;tle_feas;tle_not_feas;constraints_used_mip_str
lr101;06R_06V_02F_03M;t1;lr101_t1_06R_06V_02F_03M;779.06;0;1;0.08;2;1;0;0;1-29
lr101;06R_06V_02F_04M;t1;lr101_t1_06R_06V_02F_04M;766.07;0;1;0.11;2;1;0;0;1-29
lr102;06R_06V_02F_03M;t1;lr102_t1_06R_06V_02F_03M;580.21;0;0.67;0.54;2;1;0;0;1-29
lr102;06R_06V_02F_04M;t1;lr102_t1_06R_06V_02F_04M;579.78;0;0.67;0.97;2;1;0;0;1-29
lr103;06R_06V_02F_03M;t1;lr103_t1_06R_06V_02F_03M;606.25;0;0.67;1.65;2;1;0;0;1-29
lr103;06R_06V_02F_04M;t1;lr103_t1_06R_06V_02F_04M;598.51;0;0.67;2.01;2;1;0;0;1-29
lr104;06R_06V_02F_03M;t1;lr104_t1_06R_06V_02F_03M;431.33;0;0.5;5.12;2;1;0;0;1-29
lr104;06R_06V_02F_04M;t1;lr104_t1_06R_06V_02F_04M;431.33;0;0.5;6.43;2;1;0;0;1-29
lr105;06R_06V_02F_03M;t1;lr105_t1_06R_06V_02F_03M;659.67;0;1;0.02;2;1;0;0;1-29
lr105;06R_06V_02F_04M;t1;lr105_t1_06R_06V_02F_04M;654.46;0;1;0.03;2;1;0;0;1-29
lr101;06R_06V_04F_03M;t1;lr101_t1_06R_06V_04F_03M;748.24;0;0.83;0.3;2;1;0;0;1-29
lr101;06R_06V_04F_04M;t1;lr101_t1_06R_06V_04F_04M;735.27;0;0.83;0.31;2;1;0;0;1-29
lr102;06R_06V_04F_03M;t1;lr102_t1_06R_06V_04F_03M;687.85;0;0.67;0.85;2;1;0;0;1-29
lr102;06R_06V_04F_04M;t1;lr102_t1_06R_06V_04F_04M;684.42;0;0.67;1.49;2;1;0;0;1-29
lr103;06R_06V_04F_03M;t1;lr103_t1_06R_06V_04F_03M;932.18;0;1;0.11;2;1;0;0;1-29
lr103;06R_06V_04F_04M;t1;lr103_t1_06R_06V_04F_04M;919.13;0;1;0.27;2;1;0;0;1-29
lr104;06R_06V_04F_03M;t1;lr104_t1_06R_06V_04F_03M;659.55;0;0.67;1.19;2;1;0;0;1-29
lr104;06R_06V_04F_04M;t1;lr104_t1_06R_06V_04F_04M;656.61;0;0.67;2.24;2;1;0;0;1-29
lr105;06R_06V_04F_03M;t1;lr105_t1_06R_06V_04F_03M;864.42;0;1;0.05;2;1;0;0;1-29
lr105;06R_06V_04F_04M;t1;lr105_t1_06R_06V_04F_04M;856.89;0;1;0.09;2;1;0;0;1-29
lr101;08R_08V_02F_03M;t1;lr101_t1_08R_08V_02F_03M;1016.87;0;1;0.09;2;1;0;0;1-29
lr101;08R_08V_02F_04M;t1;lr101_t1_08R_08V_02F_04M;1004.95;0;1;0.09;2;1;0;0;1-29
lr102;08R_08V_02F_03M;t1;lr102_t1_08R_08V_02F_03M;858.55;0;0.75;5.92;2;1;0;0;1-29
lr102;08R_08V_02F_04M;t1;lr102_t1_08R_08V_02F_04M;853.49;0;0.75;10.39;2;1;0;0;1-29
lr103;08R_08V_02F_03M;t1;lr103_t1_08R_08V_02F_03M;769.27;0;0.5;1932.32;2;1;0;0;1-29
lr103;08R_08V_02F_04M;t1;lr103_t1_08R_08V_02F_04M;761.6;0;0.5;2671.75;2;1;0;0;1-29
lr104;08R_08V_02F_03M;t1;lr104_t1_08R_08V_02F_03M;765.44;0;0.5;683.58;2;1;0;0;1-29
lr104;08R_08V_02F_04M;t1;lr104_t1_08R_08V_02F_04M;762.11;0;0.5;1438.94;2;1;0;0;1-29
lr105;08R_08V_02F_03M;t1;lr105_t1_08R_08V_02F_03M;869.19;0;0.75;0.17;2;1;0;0;1-29
lr105;08R_08V_02F_04M;t1;lr105_t1_08R_08V_02F_04M;858.77;0;0.75;0.21;2;1;0;0;1-29
lr101;08R_08V_04F_03M;t1;lr101_t1_08R_08V_04F_03M;1152.25;0;1;0.68;2;1;0;0;1-29
lr101;08R_08V_04F_04M;t1;lr101_t1_08R_08V_04F_04M;1132.73;0.01;1;0.91;2;1;0;0;1-29
lr102;08R_08V_04F_03M;t1;lr102_t1_08R_08V_04F_03M;1030.42;0;0.62;5.85;2;1;0;0;1-29
lr102;08R_08V_04F_04M;t1;lr102_t1_08R_08V_04F_04M;1003.13;0;0.62;9.75;2;1;0;0;1-29
lr103;08R_08V_04F_03M;t1;lr103_t1_08R_08V_04F_03M;1079.92;0;0.88;458.21;2;1;0;0;1-29
lr103;08R_08V_04F_04M;t1;lr103_t1_08R_08V_04F_04M;1065.5;0;0.88;793.46;2;1;0;0;1-29
lr104;08R_08V_04F_03M;t1;lr104_t1_08R_08V_04F_03M;1093.42;0;0.88;655.44;2;1;0;0;1-29
lr104;08R_08V_04F_04M;t1;lr104_t1_08R_08V_04F_04M;1086;0.01;0.88;3456.64;2;1;0;0;1-29
lr105;08R_08V_04F_03M;t1;lr105_t1_08R_08V_04F_03M;1068.12;0;0.75;0.35;2;1;0;0;1-29
lr105;08R_08V_04F_04M;t1;lr105_t1_08R_08V_04F_04M;1052.99;0;0.75;0.42;2;1;0;0;1-29
lr101;10R_10V_02F_03M;t1;lr101_t1_10R_10V_02F_03M;1189.92;0;0.9;0.17;2;1;0;0;1-29
lr101;10R_10V_02F_04M;t1;lr101_t1_10R_10V_02F_04M;1186.08;0;0.9;0.14;2;1;0;0;1-29
lr102;10R_10V_02F_03M;t1;lr102_t1_10R_10V_02F_03M;1023.69;0.01;0.7;3600.02;9;0;1;0;1-29
lr102;10R_10V_02F_04M;t1;lr102_t1_10R_10V_02F_04M;1019.86;0.05;0.7;3600.01;9;0;1;0;1-29
lr103;10R_10V_02F_03M;t1;lr103_t1_10R_10V_02F_03M;1034.38;33.29;0.6;3600.01;9;0;1;0;1-29
lr103;10R_10V_02F_04M;t1;lr103_t1_10R_10V_02F_04M;1022.42;0;0.6;1925.51;2;1;0;0;1-29
lr104;10R_10V_02F_03M;t1;lr104_t1_10R_10V_02F_03M;877.01;61.01;0.6;3600.02;9;0;1;0;1-29
lr104;10R_10V_02F_04M;t1;lr104_t1_10R_10V_02F_04M;877.01;69.98;0.6;3600.01;9;0;1;0;1-29
lr105;10R_10V_02F_03M;t1;lr105_t1_10R_10V_02F_03M;1195.87;0;0.8;0.22;2;1;0;0;1-29
lr105;10R_10V_02F_04M;t1;lr105_t1_10R_10V_02F_04M;1188.48;0;0.8;0.27;2;1;0;0;1-29
lr101;10R_10V_04F_03M;t1;lr101_t1_10R_10V_04F_03M;1339.57;0;1;1.16;2;1;0;0;1-29
lr101;10R_10V_04F_04M;t1;lr101_t1_10R_10V_04F_04M;1327.44;0;1;0.74;2;1;0;0;1-29
lr102;10R_10V_04F_03M;t1;lr102_t1_10R_10V_04F_03M;1154.93;0;0.6;3.36;2;1;0;0;1-29
lr102;10R_10V_04F_04M;t1;lr102_t1_10R_10V_04F_04M;1144.91;0;0.6;25.43;2;1;0;0;1-29
lr103;10R_10V_04F_03M;t1;lr103_t1_10R_10V_04F_03M;1459.07;1.54;0.8;3600.01;9;0;1;0;1-29
lr103;10R_10V_04F_04M;t1;lr103_t1_10R_10V_04F_04M;1435.28;13.5;0.8;3600.01;9;0;1;0;1-29
lr104;10R_10V_04F_03M;t1;lr104_t1_10R_10V_04F_03M;1223.81;3.88;0.7;3600.01;9;0;1;0;1-29
lr104;10R_10V_04F_04M;t1;lr104_t1_10R_10V_04F_04M;1217.41;5.16;0.7;3600.01;9;0;1;0;1-29
lr105;10R_10V_04F_03M;t1;lr105_t1_10R_10V_04F_03M;1533.76;0;1;1.18;2;1;0;0;1-29
lr105;10R_10V_04F_04M;t1;lr105_t1_10R_10V_04F_04M;1503.31;0;1;1.59;2;1;0;0;1-29
lr101;12R_12V_02F_03M;t1;lr101_t1_12R_12V_02F_03M;1438.95;0;0.92;2.43;2;1;0;0;1-29
lr101;12R_12V_02F_04M;t1;lr101_t1_12R_12V_02F_04M;1429.52;0;0.92;0.38;2;1;0;0;1-29
lr102;12R_12V_02F_03M;t1;lr102_t1_12R_12V_02F_03M;1404.89;0.1;0.67;3600.01;9;0;1;0;1-29
lr102;12R_12V_02F_04M;t1;lr102_t1_12R_12V_02F_04M;1397.72;0.01;0.67;508.54;2;1;0;0;1-29
lr103;12R_12V_02F_03M;t1;lr103_t1_12R_12V_02F_03M;1138.05;91.57;0.58;3600.05;9;0;1;0;1-29
lr103;12R_12V_02F_04M;t1;lr103_t1_12R_12V_02F_04M;1126.13;100;0.58;3600.04;9;0;1;0;1-29
lr104;12R_12V_02F_03M;t1;lr104_t1_12R_12V_02F_03M;1221.86;93.69;0.58;3600.07;9;0;1;0;1-29
lr104;12R_12V_02F_04M;t1;lr104_t1_12R_12V_02F_04M;1212.6;97.61;0.58;3600.08;9;0;1;0;1-29
lr105;12R_12V_02F_03M;t1;lr105_t1_12R_12V_02F_03M;1307.38;0.06;0.67;3600.01;9;0;1;0;1-29
lr105;12R_12V_02F_04M;t1;lr105_t1_12R_12V_02F_04M;1293.82;0.88;0.67;3600.01;9;0;1;0;1-29
lr101;12R_12V_04F_03M;t1;lr101_t1_12R_12V_04F_03M;1644.1;0;0.92;6.54;2;1;0;0;1-29
lr101;12R_12V_04F_04M;t1;lr101_t1_12R_12V_04F_04M;1614.72;0.01;0.92;5.86;2;1;0;0;1-29
lr102;12R_12V_04F_03M;t1;lr102_t1_12R_12V_04F_03M;1632.21;4.95;0.83;3600.01;9;0;1;0;1-29
lr102;12R_12V_04F_04M;t1;lr102_t1_12R_12V_04F_04M;1590.25;1.48;0.83;3600.01;9;0;1;0;1-29
lr103;12R_12V_04F_03M;t1;lr103_t1_12R_12V_04F_03M;1452.09;43.9;0.67;3600.01;9;0;1;0;1-29
lr103;12R_12V_04F_04M;t1;lr103_t1_12R_12V_04F_04M;1431.98;54.57;0.67;3600.02;9;0;1;0;1-29
lr104;12R_12V_04F_03M;t1;lr104_t1_12R_12V_04F_03M;1484.8;61.8;0.75;3600.05;9;0;1;0;1-29
lr104;12R_12V_04F_04M;t1;lr104_t1_12R_12V_04F_04M;1468.83;66.03;0.75;3600.07;9;0;1;0;1-29
lr105;12R_12V_04F_03M;t1;lr105_t1_12R_12V_04F_03M;1707.46;0;0.92;2.98;2;1;0;0;1-29
lr105;12R_12V_04F_04M;t1;lr105_t1_12R_12V_04F_04M;1687.27;0;0.92;5.01;2;1;0;0;1-29
lr201;06R_06V_02F_03M;t2;lr201_t2_06R_06V_02F_03M;677.33;0;0.5;1.4;2;1;0;0;1-29
lr201;06R_06V_02F_04M;t2;lr201_t2_06R_06V_02F_04M;677.33;0;0.5;2.43;2;1;0;0;1-29
lr202;06R_06V_02F_03M;t2;lr202_t2_06R_06V_02F_03M;545.89;0;0.17;136.03;2;1;0;0;1-29
lr202;06R_06V_02F_04M;t2;lr202_t2_06R_06V_02F_04M;545.89;0;0.17;192.7;2;1;0;0;1-29
lr203;06R_06V_02F_03M;t2;lr203_t2_06R_06V_02F_03M;686.32;0;0.17;55.33;2;1;0;0;1-29
lr203;06R_06V_02F_04M;t2;lr203_t2_06R_06V_02F_04M;686.32;0;0.17;64.62;2;1;0;0;1-29
lr204;06R_06V_02F_03M;t2;lr204_t2_06R_06V_02F_03M;558.81;0;0.33;3341.71;2;1;0;0;1-29
lr204;06R_06V_02F_04M;t2;lr204_t2_06R_06V_02F_04M;557.61;18.56;0.33;3600.06;9;0;1;0;1-29
lr205;06R_06V_02F_03M;t2;lr205_t2_06R_06V_02F_03M;540.49;0;0.17;18.94;2;1;0;0;1-29
lr205;06R_06V_02F_04M;t2;lr205_t2_06R_06V_02F_04M;540.45;0;0.17;69.42;2;1;0;0;1-29
lr201;06R_06V_04F_03M;t2;lr201_t2_06R_06V_04F_03M;819.13;0;0.67;3.92;2;1;0;0;1-29
lr201;06R_06V_04F_04M;t2;lr201_t2_06R_06V_04F_04M;818.51;0;0.67;6.84;2;1;0;0;1-29
lr202;06R_06V_04F_03M;t2;lr202_t2_06R_06V_04F_03M;604.04;0;0.33;373.27;2;1;0;0;1-29
lr202;06R_06V_04F_04M;t2;lr202_t2_06R_06V_04F_04M;604.04;0;0.33;645.67;2;1;0;0;1-29
lr203;06R_06V_04F_03M;t2;lr203_t2_06R_06V_04F_03M;797.56;0;0.33;63.44;2;1;0;0;1-29
lr203;06R_06V_04F_04M;t2;lr203_t2_06R_06V_04F_04M;725.28;0;0.17;170.92;2;1;0;0;1-29
lr204;06R_06V_04F_03M;t2;lr204_t2_06R_06V_04F_03M;741.56;72.32;0.33;3600.02;9;0;1;0;1-29
lr204;06R_06V_04F_04M;t2;lr204_t2_06R_06V_04F_04M;737.89;56.4;0.33;3600.03;9;0;1;0;1-29
lr205;06R_06V_04F_03M;t2;lr205_t2_06R_06V_04F_03M;604.07;0;0.17;156.31;2;1;0;0;1-29
lr205;06R_06V_04F_04M;t2;lr205_t2_06R_06V_04F_04M;599.81;0;0.17;77.48;2;1;0;0;1-29
lr201;08R_08V_02F_03M;t2;lr201_t2_08R_08V_02F_03M;930.52;0;0.25;76.95;2;1;0;0;1-29
lr201;08R_08V_02F_04M;t2;lr201_t2_08R_08V_02F_04M;929.83;0;0.25;132.69;2;1;0;0;1-29
lr202;08R_08V_02F_03M;t2;lr202_t2_08R_08V_02F_03M;717.53;87.52;0.25;3600.07;9;0;1;0;1-29
lr202;08R_08V_02F_04M;t2;lr202_t2_08R_08V_02F_04M;715.2;87.48;0.25;3600.04;9;0;1;0;1-29
lr203;08R_08V_02F_03M;t2;lr203_t2_08R_08V_02F_03M;713.2;100;0.25;3600.11;9;0;1;0;1-29
lr205;08R_08V_02F_03M;t2;lr205_t2_08R_08V_02F_03M;736.09;11.24;0.25;3600.09;9;0;1;0;1-29
lr205;08R_08V_02F_04M;t2;lr205_t2_08R_08V_02F_04M;739.39;63.73;0.25;3600.07;9;0;1;0;1-29
lr201;08R_08V_04F_03M;t2;lr201_t2_08R_08V_04F_03M;1142.97;0;0.25;529.42;2;1;0;0;1-29
lr201;08R_08V_04F_04M;t2;lr201_t2_08R_08V_04F_04M;1136.32;0;0.25;332.61;2;1;0;0;1-29
lr202;08R_08V_04F_03M;t2;lr202_t2_08R_08V_04F_03M;885.9;87.67;0.25;3600.04;9;0;1;0;1-29
lr202;08R_08V_04F_04M;t2;lr202_t2_08R_08V_04F_04M;880.69;100;0.25;3600.06;9;0;1;0;1-29
lr203;08R_08V_04F_03M;t2;lr203_t2_08R_08V_04F_03M;902.12;100;0.25;3600.08;9;0;1;0;1-29
lr203;08R_08V_04F_04M;t2;lr203_t2_08R_08V_04F_04M;953.49;100;0.25;3600.19;9;0;1;0;1-29
lr204;08R_08V_04F_03M;t2;lr204_t2_08R_08V_04F_03M;869.49;100;0.25;3600.22;9;0;1;0;1-29
lr204;08R_08V_04F_04M;t2;lr204_t2_08R_08V_04F_04M;859.59;100;0.25;3600.16;9;0;1;0;1-29
lr205;08R_08V_04F_03M;t2;lr205_t2_08R_08V_04F_03M;919.87;84.33;0.25;3600.04;9;0;1;0;1-29
lr205;08R_08V_04F_04M;t2;lr205_t2_08R_08V_04F_04M;913.55;69.95;0.25;3600.08;9;0;1;0;1-29
lr201;10R_10V_02F_03M;t2;lr201_t2_10R_10V_02F_03M;1013.31;31.09;0.3;3600.03;9;0;1;0;1-29
lr201;10R_10V_02F_04M;t2;lr201_t2_10R_10V_02F_04M;1013.31;0;0.3;3598.11;2;1;0;0;1-29
lr202;10R_10V_02F_03M;t2;lr202_t2_10R_10V_02F_03M;910.85;100;0.3;3600.09;9;0;1;0;1-29
lr202;10R_10V_02F_04M;t2;lr202_t2_10R_10V_02F_04M;910.25;100;0.3;3600.05;9;0;1;0;1-29
lr203;10R_10V_02F_03M;t2;lr203_t2_10R_10V_02F_03M;854.71;100;0.2;3600.18;9;0;1;0;1-29
lr203;10R_10V_02F_04M;t2;lr203_t2_10R_10V_02F_04M;832.08;100;0.2;3600.18;9;0;1;0;1-29
lr204;10R_10V_02F_03M;t2;lr204_t2_10R_10V_02F_03M;776.22;100;0.2;3600.18;9;0;1;0;1-29
lr204;10R_10V_02F_04M;t2;lr204_t2_10R_10V_02F_04M;796.13;100;0.2;3600.16;9;0;1;0;1-29
lr205;10R_10V_02F_03M;t2;lr205_t2_10R_10V_02F_03M;911.37;100;0.2;3600.04;9;0;1;0;1-29
lr205;10R_10V_02F_04M;t2;lr205_t2_10R_10V_02F_04M;878.8;88.01;0.2;3600.11;9;0;1;0;1-29
lr201;10R_10V_04F_03M;t2;lr201_t2_10R_10V_04F_03M;1250.43;84.82;0.4;3600.04;9;0;1;0;1-29
lr201;10R_10V_04F_04M;t2;lr201_t2_10R_10V_04F_04M;1246.41;76.59;0.4;3600.11;9;0;1;0;1-29
lr202;10R_10V_04F_03M;t2;lr202_t2_10R_10V_04F_03M;1272.94;100;0.4;3600.07;9;0;1;0;1-29
lr202;10R_10V_04F_04M;t2;lr202_t2_10R_10V_04F_04M;1307.59;100;0.4;3600.16;9;0;1;0;1-29
lr203;10R_10V_04F_03M;t2;lr203_t2_10R_10V_04F_03M;NA;NA;0;3600.11;9;0;0;1;1-29
lr205;10R_10V_04F_03M;t2;lr205_t2_10R_10V_04F_03M;1124.23;100;0.3;3600.11;9;0;1;0;1-29
lr205;10R_10V_04F_04M;t2;lr205_t2_10R_10V_04F_04M;1051.99;100;0.2;3600.14;9;0;1;0;1-29
lr201;12R_12V_02F_03M;t2;lr201_t2_12R_12V_02F_03M;1474.65;89.45;0.25;3600.08;9;0;1;0;1-29
lr201;12R_12V_02F_04M;t2;lr201_t2_12R_12V_02F_04M;1432.08;93.94;0.25;3600.07;9;0;1;0;1-29
lr202;12R_12V_02F_03M;t2;lr202_t2_12R_12V_02F_03M;975.97;100;0.25;3600.18;9;0;1;0;1-29
lr202;12R_12V_02F_04M;t2;lr202_t2_12R_12V_02F_04M;994.74;100;0.25;3601.12;9;0;1;0;1-29
lr203;12R_12V_02F_03M;t2;lr203_t2_12R_12V_02F_03M;965.37;100;0.25;3600.25;9;0;1;0;1-29
lr203;12R_12V_02F_04M;t2;lr203_t2_12R_12V_02F_04M;1011.98;100;0.25;3601.01;9;0;1;0;1-29
lr204;12R_12V_02F_03M;t2;lr204_t2_12R_12V_02F_03M;975.75;100;0.17;3601.64;9;0;1;0;1-29
lr205;12R_12V_02F_03M;t2;lr205_t2_12R_12V_02F_03M;1054.95;100;0.25;3600.12;9;0;1;0;1-29
lr205;12R_12V_02F_04M;t2;lr205_t2_12R_12V_02F_04M;1059.53;100;0.17;3600.15;9;0;1;0;1-29
lr201;12R_12V_04F_03M;t2;lr201_t2_12R_12V_04F_03M;1719.57;100;0.33;3600.08;9;0;1;0;1-29
lr201;12R_12V_04F_04M;t2;lr201_t2_12R_12V_04F_04M;1642;100;0.33;3600.08;9;0;1;0;1-29
lr202;12R_12V_04F_04M;t2;lr202_t2_12R_12V_04F_04M;1392.09;100;0.33;3602.01;9;0;1;0;1-29
lr203;12R_12V_04F_03M;t2;lr203_t2_12R_12V_04F_03M;NA;NA;0;3600.06;9;0;0;1;1-29
lr203;12R_12V_04F_04M;t2;lr203_t2_12R_12V_04F_04M;NA;NA;0;3600.84;9;0;0;1;1-29
lr204;12R_12V_04F_03M;t2;lr204_t2_12R_12V_04F_03M;1455.19;100;0.33;3600.12;9;0;1;0;1-29
lr204;12R_12V_04F_04M;t2;lr204_t2_12R_12V_04F_04M;NA;NA;0;3600.09;9;0;0;1;1-29
lr205;12R_12V_04F_03M;t2;lr205_t2_12R_12V_04F_03M;NA;NA;0;3607.33;9;0;0;1;1-29
lr205;12R_12V_04F_04M;t2;lr205_t2_12R_12V_04F_04M;1277.72;100;0.25;3600.29;9;0;1;0;1-29
lr203;08R_08V_02F_04M;t2;lr203_t2_08R_08V_02F_04M;712.7;100;0.25;3600.09;9;0;1;0;1-29
lr204;08R_08V_02F_03M;t2;lr204_t2_08R_08V_02F_03M;685.57;100;0.25;3600.04;9;0;1;0;1-29
lr204;08R_08V_02F_04M;t2;lr204_t2_08R_08V_02F_04M;682.88;100;0.25;3600.09;9;0;1;0;1-29
lr203;10R_10V_04F_04M;t2;lr203_t2_10R_10V_04F_04M;NA;NA;0;7.51;11;0;0;0;1-29
lr204;10R_10V_04F_03M;t2;lr204_t2_10R_10V_04F_03M;NA;NA;0;7.57;11;0;0;0;1-29
lr204;10R_10V_04F_04M;t2;lr204_t2_10R_10V_04F_04M;NA;NA;0;7.24;11;0;0;0;1-29
lr204;12R_12V_02F_04M;t2;lr204_t2_12R_12V_02F_04M;NA;NA;0;6.12;11;0;0;0;1-29
lr202;12R_12V_04F_03M;t2;lr202_t2_12R_12V_04F_03M;NA;NA;0;13.93;11;0;0;0;1-29
