group;name;type;feasible;n_reqs;n_regions;n_machs;n_vehicles_used;n_machines_used;max_max_load_all_vehicles;min_max_load_all_vehicles;mean_max_load_all_vehicles;min_completion_time;max_completion_time;mean_completion_time;avrg_machines_travel_time_with_vehicle;avrg_machines_travel_time_only_with_vehicle;avrg_machines_travel_time_no_vehicle;avrg_vehicles_waiting_time_for_a_machine_travel;avrg_vehicles_waiting_time_for_a_service
06R_06V_02I_03M;lr101;1;1;06;02;03;100;100;60.4651;13.4615;33.057533;49.9087;65.2957;56.4551;18.6174;11.5275;7.0899;0.6359;14.6079
06R_06V_02I_03M;lr102;1;1;06;02;03;66.6667;100;50;10.4167;34.931775;26.8261;90.5522;58.3663;10.087;6.7391;3.3478;0;1.3596
06R_06V_02I_03M;lr103;1;1;06;02;03;50;66.6667;100;50;74.358967;56.0957;76.3739;65.8551;21.3065;14.2043;7.1022;0;0
06R_06V_02I_03M;lr104;1;1;06;02;03;50;33.3333;73.0769;30;57.5913;47.3522;73.4478;62.4841;28.7217;19.1478;9.5739;0;2.594
06R_06V_02I_03M;lr105;1;1;06;02;03;66.6667;66.6667;88.4615;13.4615;44.0854;31.387;72.9087;50.9337;21.9087;14.713;7.1957;0;5.45
06R_06V_02I_03M;lr201;2;1;06;02;03;50;100;86.5385;38.4615;57.352933;20.009;26.187;23.1847;2.69;1.7933;0.8967;0;31.0106
06R_06V_02I_03M;lr202;2;1;06;02;03;33.3333;100;100;50;75;22.875;37.729;30.302;2.6423;1.7493;0.893;3.4576;7.5778
06R_06V_02I_03M;lr203;2;1;06;02;03;33.3333;100;87.5;31.8182;59.6591;5.612;53.375;29.4935;4.699;3.148;1.551;0;0.7429
06R_06V_02I_03M;lr204;2;1;06;02;03;16.6667;100;100;100;100;54.624;54.624;54.624;2.284;1.4827;0.8013;0;0
06R_06V_02I_03M;lr205;2;1;06;02;03;16.6667;33.3333;95.3488;95.3488;95.3488;55.163;55.163;55.163;3.06;2.04;1.02;0;2.2896
06R_06V_02I_04M;lr101;1;1;06;02;04;100;100;76.4706;16.2791;34.4663;47.087;63.8174;54.9341;13.5033;8.3391;5.1641;0.6741;14.8874
06R_06V_02I_04M;lr102;1;1;06;02;04;66.6667;75;68.4211;13.1579;43.311425;26.8261;90.5522;58.3663;10.1304;6.7391;3.3913;0;1.3596
06R_06V_02I_04M;lr103;1;1;06;02;04;50;50;73.0769;50;61.538467;56.0957;76.3739;65.4507;25.0674;14.3326;10.7348;0;0
06R_06V_02I_04M;lr104;1;1;06;02;04;50;25;88.4615;46.1538;60.7051;45.5391;73.4478;61.8797;27.6652;18.4435;9.2217;0;2.594
06R_06V_02I_04M;lr105;1;1;06;02;04;66.6667;50;88.4615;20.5882;48.791175;31.387;72.9087;50.9337;21.9087;14.713;7.1957;0;5.45
06R_06V_02I_04M;lr201;2;1;06;02;04;50;75;86.5385;38.4615;57.352933;20.009;26.187;23.126;2.69;1.7933;0.8967;0.7905;30.3696
06R_06V_02I_04M;lr202;2;1;06;02;04;33.3333;75;84.2105;50;67.10525;22.875;37.729;30.302;2.811;1.852;0.959;0;3.0931
06R_06V_02I_04M;lr203;2;1;06;02;04;33.3333;50;87.5;31.8182;59.6591;5.612;53.375;29.4935;5.3935;4.632;0.7615;0.3447;0.7429
06R_06V_02I_04M;lr204;2;1;06;02;04;16.6667;75;93.75;93.75;93.75;53.606;53.606;53.606;2.2527;1.4513;0.8013;0;0
06R_06V_02I_04M;lr205;2;1;06;02;04;16.6667;50;82.6923;82.6923;82.6923;54.92;54.92;54.92;1.5225;1.0125;0.51;0;0
06R_06V_04I_03M;lr101;1;1;06;04;03;100;100;60.4651;17.3077;31.786883;29.1826;84.3391;56.5319;51.0391;26.5913;24.4478;0.0919;12.7355
06R_06V_04I_03M;lr102;1;1;06;04;03;66.6667;100;94.8276;5.2632;48.076425;39.0388;88.1121;66.1929;47.6825;34.342;13.3405;0.7767;1.0095
06R_06V_04I_03M;lr103;1;1;06;04;03;50;66.6667;59.375;26.9231;45.4327;42.9826;86.1913;65.0536;31.1304;23.5152;7.6152;0;0
06R_06V_04I_03M;lr104;1;1;06;04;03;50;100;60.6061;46.1538;51.419967;45.7652;86.4739;68.0492;36.071;19.4232;16.6478;0;0.5099
06R_06V_04I_03M;lr105;1;1;06;04;03;66.6667;100;88.4615;16.2791;48.99635;35.9391;71.0739;56.687;49.4884;25.0029;24.4855;0;1.5636
06R_06V_04I_03M;lr201;2;1;06;04;03;66.6667;100;88.4615;26.4706;51.544225;8.732;25.229;18.4817;11.3587;6.9037;4.455;0;17.2765
06R_06V_04I_03M;lr202;2;1;06;04;03;16.6667;100;87.5;87.5;87.5;54.787;54.787;54.787;7.578;5.4447;2.1333;0;0.2446
06R_06V_04I_03M;lr203;2;1;06;04;03;33.3333;100;93.75;25.9259;59.83795;7.09;53.902;30.496;9.7507;6.1673;3.5833;3.665;3.8672
06R_06V_04I_03M;lr204;2;1;06;04;03;33.3333;100;92.1053;65.7895;78.9474;26.455;30.691;28.573;11.5323;6.102;5.4303;0;0
06R_06V_04I_03M;lr205;2;1;06;04;03;16.6667;100;88.4615;88.4615;88.4615;53.522;53.522;53.522;8.176;5.0673;3.1087;0;0.0019
06R_06V_04I_04M;lr101;1;1;06;04;04;100;100;76.4706;13.4615;34.099317;29.1826;80.8;54.8841;31.8533;19.9815;11.8717;0.096;12.8326
06R_06V_04I_04M;lr102;1;1;06;04;04;66.6667;100;94.8276;5.2632;47.939375;38.5388;86.7457;65.3448;45.4095;26.1541;19.2554;0.105;0.6704
06R_06V_04I_04M;lr103;1;1;06;04;04;50;75;73.0769;18.4211;54.8583;42.113;86.1913;64.7638;20.613;15.5362;5.0768;0;0
06R_06V_04I_04M;lr104;1;1;06;04;04;50;75;76.9231;30;54.832967;45.7652;84.5435;67.4058;33.387;19.271;14.1159;0.125;1.1145
06R_06V_04I_04M;lr105;1;1;06;04;04;66.6667;100;88.4615;16.2791;48.99635;37.6783;68.5565;55.7652;31.9413;18.2717;13.6696;0;1.4915
06R_06V_04I_04M;lr201;2;1;06;04;04;66.6667;75;88.4615;20.9302;53.083225;8.732;24.794;18.3322;11.7457;6.7103;5.0353;1.3521;17.3037
06R_06V_04I_04M;lr202;2;1;06;04;04;16.6667;100;73.6842;73.6842;73.6842;54.787;54.787;54.787;7.3822;4.0925;3.2898;0.1971;0.3924
06R_06V_04I_04M;lr203;2;1;06;04;04;33.3333;75;87.5;25.9259;56.71295;7.013;53.608;30.3105;8.468;6.5557;1.9123000000000001;0;0
06R_06V_04I_04M;lr204;2;1;06;04;04;33.3333;100;96.1538;92.1053;94.12955;26.272;30.574;28.423;8.4545;4.5115;3.943;0;0
06R_06V_04I_04M;lr205;2;1;06;04;04;16.6667;100;88.4615;88.4615;88.4615;53.522;53.522;53.522;7.6265;3.7668;3.8598;0;0.2074
08R_08V_02I_03M;lr101;1;1;08;02;03;87.5;100;86.5385;18.6047;37.416386;49.4826;78.8261;58.8118;20.9188;13.9058;7.013;0.4807;19.5611
08R_08V_02I_03M;lr102;1;1;08;02;03;75;66.6667;95.8333;3.4483;42.592383;36.7;80.4435;55.4833;16.7391;9.6087;7.1304;0.2614;0.5332
08R_08V_02I_03M;lr103;1;1;08;02;03;37.5;66.6667;73.0769;50;63.9423;66.2825;92.5304;79.1854;11.2891;7.5261;3.763;0;0
08R_08V_02I_03M;lr104;1;1;08;02;03;37.5;66.6667;92.3077;47.5;66.8046;79.0043;83.9478;80.9232;14.1804;9.5587;4.6217;0;1.6215
08R_08V_02I_03M;lr105;1;1;08;02;03;50;66.6667;88.4615;38.2353;56.6742;41.4043;81;60.1185;21.9087;14.713;7.1957;0;7.0761
08R_08V_02I_04M;lr101;1;1;08;02;04;87.5;100;86.5385;16.2791;38.471686;49.4826;78.8261;58.7894;17.8739;10.5196;7.3543;0.4336;19.5735
08R_08V_02I_04M;lr102;1;1;08;02;04;75;75;95.8333;3.4483;43.550233;36.7;80.4435;55.4833;12.1623;6.4435;5.7188;0.0686;0.4332
08R_08V_02I_04M;lr103;1;1;08;02;04;37.5;50;61.5385;57.8947;59.602733;66.2826;92.5304;79.1855;11.2891;7.5261;3.763;0;0
08R_08V_02I_04M;lr104;1;1;08;02;04;37.5;50;76.9231;60;70;79.0043;83.9477;80.9231;14.1804;9.5587;4.6217;0;1.6215
08R_08V_02I_04M;lr105;1;1;08;02;04;50;50;88.4615;36.5385;51.838225;41.4043;81;60.1185;21.9087;14.713;7.1957;0;7.0761
08R_08V_04I_03M;lr101;1;1;08;04;03;87.5;100;86.5385;16.2791;36.706086;48.4298;90.4638;70.2474;68.5787;35.5844;32.9943;0.9182;17.8612
08R_08V_04I_03M;lr102;1;1;08;04;03;62.5;100;68.4211;8.6207;46.43908;34.6478;97.5217;67.1852;40.9855;23.6464;17.3391;0;2.166
08R_08V_04I_03M;lr103;1;1;08;04;03;37.5;66.6667;100;57.8947;73.1444;55.4261;96.9348;81.7145;40.8848;27.6652;13.2196;0;0
08R_08V_04I_03M;lr104;1;1;08;04;03;62.5;100;60;17.5;46.51512;32.7433;90.8999;56.4652;42.1841;21.5565;20.6275;0;0
08R_08V_04I_03M;lr105;1;1;08;04;03;62.5;100;76.4706;36.5385;48.16952;40.065;79.7439;61.3634;51.4173;30.4295;20.9878;0;4.4789
08R_08V_04I_04M;lr101;1;1;08;04;04;87.5;100;86.5385;15.3846;36.266357;48.4298;82.3447;64.8857;55.3926;26.417;28.9755;1.7319;15.2361
08R_08V_04I_04M;lr102;1;1;08;04;04;62.5;100;68.4211;13.1579;42.35936;34.6478;97.5217;67.1026;32.0239;17.9293;14.0946;1.1605;2.2409
08R_08V_04I_04M;lr103;1;1;08;04;04;37.5;75;84.6154;42.1053;69.323567;54.8261;96.9348;81.5145;31.2493;18.1362;13.113;0;0
08R_08V_04I_04M;lr104;1;1;08;04;04;62.5;100;60;17.5;46.5151;32.7425;90.9;56.2946;31.3511;16.112;15.2391;0;0
08R_08V_04I_04M;lr105;1;1;08;04;04;62.5;100;60.4651;34.8837;45.58402;40.5772;76.061;60.448;46.7632;23.0224;23.7409;0;4.4924
10R_10V_02I_03M;lr101;1;1;10;02;03;80;100;86.5385;16.2791;35.629212;34.5738;91.4754;66.375;31.5683;19.138;12.4303;0;12.3808
10R_10V_02I_03M;lr102;1;1;10;02;03;60;100;60.4167;13.1579;38.064583;29.4059;97.2288;62.6457;8.2165;5.139;3.0775;3.1489;5.0361
10R_10V_02I_03M;lr103;1;1;10;02;03;30;66.6667;78.125;61.5385;69.471167;77.9609;93.5217;88.0043;11.2891;7.5261;3.763;0;1.0941
10R_10V_02I_03M;lr104;1;1;10;02;03;40;33.3333;75;36.3636;58.726675;49.8042;92.9217;73.8271;43.0348;24.5913;18.4435;0;0
10R_10V_02I_03M;lr105;1;1;10;02;03;50;66.6667;88.4615;30.2326;51.63474;39.5957;77.8478;58.3017;19.9913;13.3696;6.6217;0;3.0614
10R_10V_02I_04M;lr101;1;1;10;02;04;80;75;86.5385;16.2791;36.167862;34.5738;85.6393;63.8166;31.9016;17.9358;13.9658;0.0816;12.8691
10R_10V_02I_04M;lr102;1;1;10;02;04;60;75;68.4211;27.5862;44.628483;29.4059;91.7638;62.6457;8.4526;4.8684;3.5843;1.6073;3.4803
10R_10V_02I_04M;lr103;1;1;10;02;04;30;50;65.7894;50;57.8947;77.9607;93.5215;88.0042;11.2891;7.5261;3.763;0;1.0941
10R_10V_02I_04M;lr104;1;1;10;02;04;40;50;75;30;54.086525;49.8043;86.1087;72.1239;18.0913;12.0609;6.0304;0;0
10R_10V_02I_04M;lr105;1;1;10;02;04;50;50;88.4615;38.2353;57.10406;39.5957;77.8478;58.3017;19.9913;13.3696;6.6217;0;3.0614
10R_10V_04I_03M;lr101;1;1;10;04;03;90;100;58.8235;15.3846;34.088067;35.373;88.4221;57.3939;75.4809;40.2418;35.2391;2.0235;18.2269
10R_10V_04I_03M;lr102;1;1;10;04;03;60;100;95.8333;3.4483;56.928067;36.3162;82.1538;66.9003;40.641;26.7009;13.9402;0.7354;3.3431
10R_10V_04I_03M;lr103;1;1;10;04;03;40;66.6667;96.1529;59.375;71.4541;38.3696;96.5043;66.2669;39.0283;25.437;13.5913;0;1.1356
10R_10V_04I_03M;lr104;1;1;10;04;03;50;100;60.6061;35;46.58276;48.413;81.9783;63.1234;46.013;22.8145;23.1986;0;0
10R_10V_04I_03M;lr105;1;1;10;04;03;40;100;88.4615;34.8837;56.78665;45.1609;88.3174;72.6587;35.6217;17.9681;17.6536;0;4.9617000000000004
10R_10V_04I_04M;lr101;1;1;10;04;04;90;100;50;15.3846;31.915056;35.1475;87.4139;54.5291;49.3545;29.9846;19.3699;0;17.5251
10R_10V_04I_04M;lr102;1;1;10;04;04;60;100;84.2105;5.2632;55.853617;36.3162;82.1538;66.7706;29.719;20.5342;9.1848;0.9251;2.3759
10R_10V_04I_04M;lr103;1;1;10;04;04;40;75;65.7894;57.8947;61.149375;38.1913;96.5043;66.2228;22.6217;17.2072;5.4145;0;1.1355
10R_10V_04I_04M;lr104;1;1;10;04;04;50;75;73.0769;42.3077;53.34614;48.413;81.9782;63.1234;46.013;22.8145;23.1986;0;0
10R_10V_04I_04M;lr105;1;1;10;04;04;40;100;91.1765;34.8837;64.676925;45.1607;88.3261;72.3347;19.2315;13.5989;5.6326;0;4.974
12R_12V_02I_03M;lr101;1;1;12;02;03;83.3333;100;86.5385;17.3077;36.26013;20.7131;91.4754;58.6775;31.5683;19.138;12.4303;0;11.1026
12R_12V_02I_03M;lr102;1;1;12;02;03;50;100;96.7742;3.2258;57.5367;33.3431;84.3598;67.3632;15.8759;10.3612;5.5146;0.0025;3.9365
12R_12V_02I_03M;lr103;1;1;12;02;03;33.3333;66.6667;93.1034;39.5833;67.0438;39.4304;93.5478;77.9054;17.4609;9.9696;7.4913;0;1.8987
12R_12V_02I_03M;lr104;1;1;12;02;03;33.3333;100;95;53.8461;68.480475;64.1956;98.3478;84.3695;12.5551;8.4406;4.1145;0;0
12R_12V_02I_03M;lr105;1;1;12;02;03;66.6667;100;81.0345;3.4483;40.41695;16.5242;98.0037;62.0704;24.2553;13.9083;10.347;0;1.0663
12R_12V_02I_04M;lr101;1;1;12;02;04;83.3333;75;86.5385;16.2791;36.61765;20.7131;85.6393;56.6307;31.9016;17.9358;13.9658;0.0653;11.6392
12R_12V_02I_04M;lr102;1;1;12;02;04;50;75;96.7742;4.7619;53.297683;33.3431;84.0544;66.9554;15.6625;11.6583;4.0042;0.0185;4.3793
12R_12V_02I_04M;lr103;1;1;12;02;04;33.3333;75;93.1034;35.4167;56.08835;64.913;92.5304;78.3152;9.8493;6.5768;3.2725;0;0.9009
12R_12V_02I_04M;lr104;1;1;12;02;04;33.3333;100;95;35;64.82955;64.1957;96.7217;83.5728;9.2739;6.188;3.0859;0;0
12R_12V_02I_04M;lr105;1;1;12;02;04;66.6667;100;81.0345;5.2632;42.235237;16.5236;98.0037;60.1881;18.2788;10.4749;7.8039;0;1.1269
12R_12V_04I_03M;lr101;1;1;12;04;03;75;100;88.4615;20.5882;35.528189;39.2786;85.7863;57.0151;66.2939;38.8295;27.4644;2.0363;13.8665
12R_12V_04I_03M;lr102;1;1;12;04;03;50;100;96.7742;4.7619;54.848567;33.6245;90.6751;68.5316;35.4248;21.2011;14.2236;0.6341;4.1373
12R_12V_04I_03M;lr103;1;1;12;04;03;41.6667;100;95.8333;32.7586;51.9267;47.0957;90.2913;67.7623;41.8493;20.4217;21.4275;0;0
12R_12V_04I_03M;lr104;1;1;12;04;03;41.6667;66.6667;84.6154;35;54.1958;41.7783;96.7304;73.3322;46.6261;28.4304;18.1957;0;0
12R_12V_04I_03M;lr105;1;1;12;04;03;50;100;97.9167;27.0833;50.688133;24.0956;85.1;60.4355;41.7797;21.0174;20.7623;0;3.5656
12R_12V_04I_04M;lr101;1;1;12;04;04;75;100;65.3846;17.3077;37.198689;38.4611;83.0153;55.5078;49.3321;29.3092;20.0229;0.2205;10.9933
12R_12V_04I_04M;lr102;1;1;12;04;04;50;100;96.7742;4.7619;59.840867;33.6245;87.6835;68.0295;28.3745;15.1793;13.1951;0.6426;4.2365
12R_12V_04I_04M;lr103;1;1;12;04;04;41.6667;100;95.8333;27.5862;51.97972;47.0957;90.2913;67.7495;26.6022;15.6185;10.9837;0;1.076
12R_12V_04I_04M;lr104;1;1;12;04;04;41.6667;50;67.5;36.3636;54.05712;41.7783;96.7304;73.3322;46.6261;28.4304;18.1957;0;0
12R_12V_04I_04M;lr105;1;1;12;04;04;50;100;97.9167;22.4138;57.957117;24.0957;85.1;60.2869;32.4913;15.8815;16.6098;0.053900000000000003;3.5817
08R_08V_02I_03M;lr201;2;1;08;02;03;25;100;90.3846;86.5385;88.4616;29.102;65.708;47.405;3.8573;2.3093;1.548;0.1157;19.5144
08R_08V_02I_03M;lr202;2;1;08;02;03;25;66.6667;94.7368;43.4782;69.1075;28.111;41.299;34.705;5.255;3.4825;1.7725;0;4.3298
08R_08V_02I_03M;lr203;2;1;08;02;03;37.5;100;100;28.5714;53.4632;5.6116;46.708;21.8155;1.282;0.982;0.3;3.5262;3.5476
08R_08V_02I_03M;lr204;2;1;08;02;03;25;66.6667;100;96.875;98.4375;29.927;33.944;31.9355;1.768;1.185;0.583;0;0
08R_08V_02I_03M;lr205;2;1;08;02;03;25;66.6667;90.3846;88.4615;89.4231;12.542;51.79;32.166;2.9975;2.387;0.6105;0;0
08R_08V_02I_04M;lr201;2;1;08;02;04;25;75;90.3846;86.5385;88.4616;28.764;65.708;47.236;3.0267;2.274;0.7527;4.5124;20.5492
08R_08V_02I_04M;lr202;2;1;08;02;04;25;75;78.2608;43.4783;60.8696;28.111;42.0299;35.0705;4.0223;3.2207;0.8017;0;3.3528
08R_08V_02I_04M;lr203;2;1;08;02;04;25;75;85.2941;25;55.1471;5.6119;59.503;32.5574;2.2777;1.702;0.5757;0;0
08R_08V_02I_04M;lr204;2;1;08;02;04;25;25;96.875;84.2105;90.5427;29.927;33.619;31.773;3.612;2.408;1.204;0;0
08R_08V_02I_04M;lr205;2;1;08;02;04;25;75;90.3846;88.4615;89.4231;12.5419;50.455;31.4984;2.1273;1.4243;0.703;0;0
08R_08V_04I_03M;lr201;2;1;08;04;03;25;100;90.3846;86.5385;88.4616;30.108;72.114;51.111;12.542;8.599;3.943;15.558;12.7832
08R_08V_04I_03M;lr202;2;1;08;04;03;25;100;94.7368;66.6666;80.7017;31.484;45.404;38.444;11.21;7.0067;4.2033;0;2.9936
08R_08V_04I_03M;lr203;2;1;08;04;03;25;100;99.9999;31.8182;65.909;6.848;60.593;33.7205;10.893;7.3443;3.5487;0;0
08R_08V_04I_03M;lr204;2;1;08;04;03;25;100;92.1053;90.625;91.3651;34.539;36.058;35.2985;9.6707;5.804;3.8667;0;0
08R_08V_04I_03M;lr205;2;1;08;04;03;12.5;100;90.3846;90.3846;90.3846;66.224;66.224;66.224;9.8033;5.7647;4.0387;0.1857;0
08R_08V_04I_04M;lr201;2;1;08;04;04;25;100;90.3846;86.5385;88.4616;29.716;72.114;50.915;9.4265;6.4178;3.0088;15.325;13.0377
08R_08V_04I_04M;lr202;2;1;08;04;04;25;100;94.7368;43.4781;69.1075;31.0231;44.943;37.983;10.3602;5.437;4.9232;0;3.0381
08R_08V_04I_04M;lr203;2;1;08;04;04;25;100;100;31.8182;65.9091;6.848;60.1239;33.486;11.0895;5.518;5.5715;0;0
08R_08V_04I_04M;lr204;2;1;08;04;04;25;75;93.75;65.625;79.6875;32.814;40.126;36.47;9.4267;6.329;3.0977;0;0
08R_08V_04I_04M;lr205;2;1;08;04;04;12.5;75;90.3846;90.3846;90.3846;67.045;67.045;67.045;7.8473;6.5623;1.285;0;0
10R_10V_02I_03M;lr201;2;1;10;02;03;20;100;100;86.5385;93.2692;30.272;70.384;50.328;4.1227;2.757;1.3657;0.2053;7.2204
10R_10V_02I_03M;lr202;2;1;10;02;03;30;100;89.1304;66.6667;75.8454;11.556;37.7289;24.2673;1.6343;1.1073;0.527;0;0.713
10R_10V_02I_03M;lr203;2;1;10;02;03;30;66.6667;96.5517;14.5833;62.7394;5.6117;46.93;23.1432;1.848;1.398;0.45;0;0
10R_10V_02I_03M;lr204;2;1;10;02;03;20;66.6667;89.4737;71.0526;80.2631;31.071;39.652;35.3615;3.526;1.978;1.548;0;0
10R_10V_02I_03M;lr205;2;1;10;02;03;20;66.6667;88.4615;61.5385;75;21.523;56.051;38.787;2.6675;1.738;0.9295;0;10.1441
10R_10V_02I_04M;lr201;2;1;10;02;04;20;100;100;86.5385;93.2692;30.202;70.384;50.293;3.365;2.0702;1.2948;0;9.9724
10R_10V_02I_04M;lr202;2;1;10;02;04;30;50;89.1304;66.6667;75.8454;11.556;37.729;24.2673;1.872;1.5115;0.3605;0;0
10R_10V_02I_04M;lr203;2;1;10;02;04;30;75;97.3684;14.5833;67.1783;5.612;46.636;23.0453;1.5477;0.997;0.5507;0;3.4268
10R_10V_02I_04M;lr204;2;1;10;02;04;30;50;92.3077;59.375;80.7692;22.632;29.576;25.504;5.1675;3.1005;2.067;0;0
10R_10V_02I_04M;lr205;2;1;10;02;04;30;25;100;37.2093;75.2236;11.496;47.073;24.138;2.695;2.156;0.539;0;0
10R_10V_04I_03M;lr201;2;1;10;04;03;40;100;100;17.3076;65.4129;10.6347;72.7;29.7257;14.1317;7.527;6.6047;9.9369;14.8685
10R_10V_04I_03M;lr202;2;1;10;04;03;30;100;91.3042;42.1053;62.0137;12.401;63.0819;31.5226;13.8847;10.659;3.2257;0;0.6955
10R_10V_04I_03M;lr203;2;1;10;04;03;30;100;97.3684;18.4211;63.3091;6.213;54.451;26.7327;12.0937;7.2853;4.8083;2.149;2.5181
10R_10V_04I_03M;lr204;2;0;10;04;03;NA;NA;NA;NA;NA;NA;NA;NA;NA;NA;NA;NA;NA
10R_10V_04I_03M;lr205;2;1;10;04;03;20;100;100;88.4615;94.2308;12.542;65.669;39.1055;9.619;5.3413;4.2777;0;0
10R_10V_04I_04M;lr201;2;1;10;04;04;40;75;100;17.3076;60.5769;10.6346;72.7;29.7256;13.9323;8.158;5.7743;6.4593;14.6045
10R_10V_04I_04M;lr202;2;1;10;04;04;30;100;94.7368;52.6316;66.9006;12.401;62.844;31.33;12.073;7.7425;4.3305;0;0.9813
10R_10V_04I_04M;lr203;2;0;10;04;04;NA;NA;NA;NA;NA;NA;NA;NA;NA;NA;NA;NA;NA
10R_10V_04I_04M;lr204;2;0;10;04;04;NA;NA;NA;NA;NA;NA;NA;NA;NA;NA;NA;NA;NA
10R_10V_04I_04M;lr205;2;1;10;04;04;20;100;100;88.4615;94.2308;12.542;65.039;38.7905;6.7245;3.899;2.8255;0;0
12R_12V_02I_03M;lr201;2;1;12;02;03;25;100;100;82.6923;92.9487;18.876;60.036;44.2277;4.155;2.7637;1.3913;1.071;18.4234
12R_12V_02I_03M;lr202;2;1;12;02;03;25;66.6667;86.8421;66.6667;77.2566;17.213;44.872;27.5793;4.054;2.672;1.382;0;0
12R_12V_02I_03M;lr203;2;1;12;02;03;25;100;81.25;22.4138;60.9435;25.668;55.364;37.592;3.292;2.1693;1.1227;0;4.464
12R_12V_02I_03M;lr204;2;0;12;02;03;NA;NA;NA;NA;NA;NA;NA;NA;NA;NA;NA;NA;NA
12R_12V_02I_03M;lr205;2;1;12;02;03;16.6667;100;98.2759;82.7586;90.5172;37.195;55.322;46.2585;3.8763;2.1057;1.7707;0;5.0043
12R_12V_02I_04M;lr201;2;1;12;02;04;25;100;100;69.7674;84.1532;18.806;70.955;44.282;3.1113;2.0857;1.0255;2.3214;22.9932
12R_12V_02I_04M;lr202;2;1;12;02;04;25;50;100;86.8421;93.8596;17.311;45.892;27.952;3.194;2.764;0.43;0;0
12R_12V_02I_04M;lr203;2;1;12;02;04;25;100;97.3684;27.0833;72.5184;31.187;46.57;36.643;2.3437;1.5187;0.825;2.6999;3.6319
12R_12V_02I_04M;lr204;2;0;12;02;04;NA;NA;NA;NA;NA;NA;NA;NA;NA;NA;NA;NA;NA
12R_12V_02I_04M;lr205;2;1;12;02;04;16.6667;100;98.2759;82.7586;90.5172;31.282;61.105;46.1935;3.5297;2.3292;1.2005;0;0
12R_12V_04I_03M;lr201;2;1;12;04;03;25;100;100;84.6147;90.9956;19.729;67.4814;48.4148;13.9233;8.126;5.7973;6.5645;22.5906
12R_12V_04I_03M;lr202;2;1;12;04;03;33.3333;100;94.7368;50;67.9386;15.186;49.366;27.6832;15.8823;9.6923;6.19;1.2944;2.1244
12R_12V_04I_03M;lr203;2;0;12;04;03;NA;NA;NA;NA;NA;NA;NA;NA;NA;NA;NA;NA;NA
12R_12V_04I_03M;lr204;2;0;12;04;03;NA;NA;NA;NA;NA;NA;NA;NA;NA;NA;NA;NA;NA
12R_12V_04I_03M;lr205;2;1;12;04;03;25;100;96.5517;79.3103;86.3984;13.17;48.646;32.823;10.839;6.399;4.44;0;8.6827
12R_12V_04I_04M;lr201;2;1;12;04;04;25;100;88.3721;82.6923;85.2266;19.729;67.4829;48.3996;13.068;6.2113;6.8567;11.1475;20.6148
12R_12V_04I_04M;lr202;2;0;12;04;04;NA;NA;NA;NA;NA;NA;NA;NA;NA;NA;NA;NA;NA
12R_12V_04I_04M;lr203;2;1;12;04;04;25;100;79.1667;35.4167;59.4588;18.466;47.631;32.8113;10.3948;5.3648;5.03;1.4193;1.8749
12R_12V_04I_04M;lr204;2;0;12;04;04;NA;NA;NA;NA;NA;NA;NA;NA;NA;NA;NA;NA;NA
12R_12V_04I_04M;lr205;2;1;12;04;04;25;100;98.2759;79.3103;86.9732;13.17;50.124;32.979;12.193;7.0468;5.1462;0;0
